Fidelity,MAE,RMSE,R2
pbe,0.4000339127401674,0.6933869786035673,0.8306578254855002
scan,0.5296891151375844,1.358690887724834,0.6147979862661473
gllb-sc,0.5629668877673082,0.7920742308893975,0.9098426104234478
hse,0.5292205416046115,0.969402106443416,0.8101555360698176
expt,0.3763445713998409,0.7636747948292523,0.7290515345623909
