Fidelity,MAE,RMSE,R2
pbe,0.42464465195323076,0.7408612514301482,0.806858615874358
scan,0.3683102229056343,0.5189003327861108,0.9224097482642367
gllb-sc,0.595648070459213,0.8425814864411921,0.9072645980235295
hse,0.5368756033521795,0.9327097609170943,0.831292698723307
expt,0.43757332466732407,0.8664059414001672,0.6279997499325082
